id,org,lat,lon,begperiod,Sample,Radionuclide,Dt,ND,Unit
359,TEPCO,37.4230861111,141.0358111111,2025/7/10,Gulf weed,Cs-134,,0.27,Bq/kg-fresh
359,TEPCO,37.4230861111,141.0358111111,2025/7/10,Gulf weed,Cs-137,5.4,,Bq/kg-fresh
359,TEPCO,37.4230861111,141.0358111111,2025/5/14,Gulf weed,Cs-134,,0.27,Bq/kg-fresh
359,TEPCO,37.4230861111,141.0358111111,2025/5/14,Gulf weed,Cs-137,6.3,,Bq/kg-fresh
359,TEPCO,37.4230861111,141.0358111111,2025/3/20,Gulf weed,Cs-134,,0.25,Bq/kg-fresh
359,TEPCO,37.4230861111,141.0358111111,2025/3/20,Gulf weed,Cs-137,5.6,,Bq/kg-fresh
359,TEPCO,37.4230861111,141.0358111111,2024/7/25,Gulf weed,Cs-134,,0.28,Bq/kg-fresh
359,TEPCO,37.4230861111,141.0358111111,2024/7/25,Gulf weed,Cs-137,6.6,,Bq/kg-fresh
359,TEPCO,37.4230861111,141.0358111111,2024/5/23,Gulf weed,Cs-134,,0.23,Bq/kg-fresh
359,TEPCO,37.4230861111,141.0358111111,2024/5/23,Gulf weed,Cs-137,1.6,,Bq/kg-fresh
359,TEPCO,37.4230861111,141.0358111111,2024/3/14,Gulf weed,Cs-134,,0.33,Bq/kg-fresh
359,TEPCO,37.4230861111,141.0358111111,2024/3/14,Gulf weed,Cs-137,13.0,,Bq/kg-fresh
359,TEPCO,37.4230861111,141.0358111111,2023/7/4,Gulf weed,Cs-134,,0.24,Bq/kg-fresh
359,TEPCO,37.4230861111,141.0358111111,2023/7/4,Gulf weed,Cs-137,7.7,,Bq/kg-fresh
359,TEPCO,37.4230861111,141.0358111111,2023/5/19,Gulf weed,Cs-134,,0.19,Bq/kg-fresh
359,TEPCO,37.4230861111,141.0358111111,2023/5/19,Gulf weed,Cs-137,2.1,,Bq/kg-fresh
359,TEPCO,37.4230861111,141.0358111111,2023/4/21,Gulf weed,Cs-134,,0.21,Bq/kg-fresh
359,TEPCO,37.4230861111,141.0358111111,2023/4/21,Gulf weed,Cs-137,0.89,,Bq/kg-fresh
359,TEPCO,37.4230861111,141.0358111111,2023/3/24,Gulf weed,Cs-134,,0.2,Bq/kg-fresh
359,TEPCO,37.4230861111,141.0358111111,2023/3/24,Gulf weed,Cs-137,1.8,,Bq/kg-fresh
359,TEPCO,37.4230861111,141.0358111111,2022/8/18,Gulf weed,Cs-134,,0.17,Bq/kg-fresh
359,TEPCO,37.4230861111,141.0358111111,2022/8/18,Gulf weed,Cs-137,2.4,,Bq/kg-fresh
359,TEPCO,37.4230861111,141.0358111111,2022/7/13,Gulf weed,Cs-134,0.13,,Bq/kg-fresh
359,TEPCO,37.4230861111,141.0358111111,2022/7/13,Gulf weed,Cs-137,4.4,,Bq/kg-fresh
360,TEPCO,37.4821027778,141.0434888889,2025/7/11,Narrow iodine seaweed,Cs-134,,0.21,Bq/kg-fresh
360,TEPCO,37.4821027778,141.0434888889,2025/7/11,Narrow iodine seaweed,Cs-137,0.24,,Bq/kg-fresh
360,TEPCO,37.4821027778,141.0434888889,2025/7/11,Narrow iodine seaweed,H-3:TFWT,0.091,,Bq/L
360,TEPCO,37.4821027778,141.0434888889,2025/7/11,Narrow iodine seaweed,H-3:TFWT,0.074,,Bq/kg-fresh
360,TEPCO,37.4821027778,141.0434888889,2025/7/11,Narrow iodine seaweed,H-3:OBT,,0.25,Bq/L
360,TEPCO,37.4821027778,141.0434888889,2025/7/11,Narrow iodine seaweed,H-3:OBT,,0.018,Bq/kg-fresh
360,TEPCO,37.4821027778,141.0434888889,2025/7/11,Narrow iodine seaweed,I-129,,0.02,Bq/kg-fresh
360,TEPCO,37.4821027778,141.0434888889,2025/5/15,Sea oak,Cs-134,,0.14,Bq/kg-fresh
360,TEPCO,37.4821027778,141.0434888889,2025/5/15,Sea oak,Cs-137,0.97,,Bq/kg-fresh
360,TEPCO,37.4821027778,141.0434888889,2025/5/15,Sea oak,H-3:TFWT,,0.083,Bq/L
360,TEPCO,37.4821027778,141.0434888889,2025/5/15,Sea oak,H-3:TFWT,,0.071,Bq/kg-fresh
360,TEPCO,37.4821027778,141.0434888889,2025/5/15,Sea oak,H-3:OBT,,0.3,Bq/L
360,TEPCO,37.4821027778,141.0434888889,2025/5/15,Sea oak,H-3:OBT,,0.017,Bq/kg-fresh
360,TEPCO,37.4821027778,141.0434888889,2025/5/15,Sea oak,I-129,,0.06,Bq/kg-fresh
360,TEPCO,37.4821027778,141.0434888889,2025/3/18,Narrow iodine seaweed,Cs-134,,0.23,Bq/kg-fresh
360,TEPCO,37.4821027778,141.0434888889,2025/3/18,Narrow iodine seaweed,Cs-137,0.32,,Bq/kg-fresh
360,TEPCO,37.4821027778,141.0434888889,2025/3/18,Narrow iodine seaweed,H-3:TFWT,0.16,,Bq/L
360,TEPCO,37.4821027778,141.0434888889,2025/3/18,Narrow iodine seaweed,H-3:TFWT,0.13,,Bq/kg-fresh
360,TEPCO,37.4821027778,141.0434888889,2025/3/18,Narrow iodine seaweed,H-3:OBT,,0.25,Bq/L
360,TEPCO,37.4821027778,141.0434888889,2025/3/18,Narrow iodine seaweed,H-3:OBT,,0.015,Bq/kg-fresh
360,TEPCO,37.4821027778,141.0434888889,2025/3/18,Narrow iodine seaweed,I-129,,0.01,Bq/kg-fresh
360,TEPCO,37.4821027778,141.0434888889,2024/7/23,Ahnfeltiopsis paradoxa (Suringar) Masuda,Cs-134,,0.15,Bq/kg-fresh
360,TEPCO,37.4821027778,141.0434888889,2024/7/23,Ahnfeltiopsis paradoxa (Suringar) Masuda,Cs-137,8.6,,Bq/kg-fresh
360,TEPCO,37.4821027778,141.0434888889,2024/7/23,Ahnfeltiopsis paradoxa (Suringar) Masuda,H-3:TFWT,0.1,,Bq/L
360,TEPCO,37.4821027778,141.0434888889,2024/7/23,Ahnfeltiopsis paradoxa (Suringar) Masuda,H-3:TFWT,0.09,,Bq/kg-fresh
360,TEPCO,37.4821027778,141.0434888889,2024/7/23,Ahnfeltiopsis paradoxa (Suringar) Masuda,H-3:OBT,,0.32,Bq/L
360,TEPCO,37.4821027778,141.0434888889,2024/7/23,Ahnfeltiopsis paradoxa (Suringar) Masuda,H-3:OBT,,0.011,Bq/kg-fresh
360,TEPCO,37.4821027778,141.0434888889,2024/7/23,Ahnfeltiopsis paradoxa (Suringar) Masuda,I-129,,0.01,Bq/kg-fresh
360,TEPCO,37.4821027778,141.0434888889,2024/5/28,Sargassum yamadae,Cs-134,,0.34,Bq/kg-fresh
360,TEPCO,37.4821027778,141.0434888889,2024/5/28,Sargassum yamadae,Cs-137,7.5,,Bq/kg-fresh
360,TEPCO,37.4821027778,141.0434888889,2024/5/28,Sargassum yamadae,H-3:TFWT,0.21,,Bq/L
360,TEPCO,37.4821027778,141.0434888889,2024/5/28,Sargassum yamadae,H-3:TFWT,0.18,,Bq/kg-fresh
360,TEPCO,37.4821027778,141.0434888889,2024/5/28,Sargassum yamadae,H-3:OBT,,0.3,Bq/L
360,TEPCO,37.4821027778,141.0434888889,2024/5/28,Sargassum yamadae,H-3:OBT,,0.013,Bq/kg-fresh
360,TEPCO,37.4821027778,141.0434888889,2024/5/28,Sargassum yamadae,I-129,,0.01,Bq/kg-fresh
360,TEPCO,37.4821027778,141.0434888889,2024/3/12,Narrow iodine seaweed,Cs-134,,0.35,Bq/kg-fresh
360,TEPCO,37.4821027778,141.0434888889,2024/3/12,Narrow iodine seaweed,Cs-137,0.48,,Bq/kg-fresh
360,TEPCO,37.4821027778,141.0434888889,2024/3/12,Narrow iodine seaweed,H-3:TFWT,0.2,,Bq/L
360,TEPCO,37.4821027778,141.0434888889,2024/3/12,Narrow iodine seaweed,H-3:TFWT,0.17,,Bq/kg-fresh
360,TEPCO,37.4821027778,141.0434888889,2024/3/12,Narrow iodine seaweed,H-3:OBT,,0.26,Bq/L
360,TEPCO,37.4821027778,141.0434888889,2024/3/12,Narrow iodine seaweed,H-3:OBT,,0.019,Bq/kg-fresh
360,TEPCO,37.4821027778,141.0434888889,2024/3/12,Narrow iodine seaweed,I-129,,0.1,Bq/kg-fresh
360,TEPCO,37.4821027778,141.0434888889,2023/7/5,Kelp,Cs-134,,0.19,Bq/kg-fresh
360,TEPCO,37.4821027778,141.0434888889,2023/7/5,Kelp,Cs-137,0.5,,Bq/kg-fresh
360,TEPCO,37.4821027778,141.0434888889,2023/7/5,Kelp,H-3:TFWT,0.078,,Bq/L
360,TEPCO,37.4821027778,141.0434888889,2023/7/5,Kelp,H-3:TFWT,0.063,,Bq/kg-fresh
360,TEPCO,37.4821027778,141.0434888889,2023/7/5,Kelp,H-3:OBT,,0.27,Bq/L
360,TEPCO,37.4821027778,141.0434888889,2023/7/5,Kelp,H-3:OBT,,0.026,Bq/kg-fresh
360,TEPCO,37.4821027778,141.0434888889,2023/7/5,Kelp,I-129,,0.1,Bq/kg-fresh
360,TEPCO,37.4821027778,141.0434888889,2023/5/22,Kelp,Cs-134,,0.24,Bq/kg-fresh
360,TEPCO,37.4821027778,141.0434888889,2023/5/22,Kelp,Cs-137,0.62,,Bq/kg-fresh
360,TEPCO,37.4821027778,141.0434888889,2023/5/22,Kelp,H-3:TFWT,0.055,,Bq/L
360,TEPCO,37.4821027778,141.0434888889,2023/5/22,Kelp,H-3:TFWT,0.046,,Bq/kg-fresh
360,TEPCO,37.4821027778,141.0434888889,2023/5/22,Kelp,H-3:OBT,,0.24,Bq/L
360,TEPCO,37.4821027778,141.0434888889,2023/5/22,Kelp,H-3:OBT,,0.018,Bq/kg-fresh
360,TEPCO,37.4821027778,141.0434888889,2023/5/22,Kelp,I-129,,0.1,Bq/kg-fresh
360,TEPCO,37.4821027778,141.0434888889,2023/4/24,Kelp,Cs-134,,0.21,Bq/kg-fresh
360,TEPCO,37.4821027778,141.0434888889,2023/4/24,Kelp,Cs-137,0.95,,Bq/kg-fresh
360,TEPCO,37.4821027778,141.0434888889,2023/4/24,Kelp,H-3:TFWT,0.068,,Bq/L
360,TEPCO,37.4821027778,141.0434888889,2023/4/24,Kelp,H-3:TFWT,0.056,,Bq/kg-fresh
360,TEPCO,37.4821027778,141.0434888889,2023/4/24,Kelp,H-3:OBT,,0.22,Bq/L
360,TEPCO,37.4821027778,141.0434888889,2023/4/24,Kelp,H-3:OBT,,0.017,Bq/kg-fresh
360,TEPCO,37.4821027778,141.0434888889,2023/4/24,Kelp,I-129,,0.1,Bq/kg-fresh
360,TEPCO,37.4821027778,141.0434888889,2023/3/24,Kelp,Cs-134,,0.18,Bq/kg-fresh
360,TEPCO,37.4821027778,141.0434888889,2023/3/24,Kelp,Cs-137,0.58,,Bq/kg-fresh
360,TEPCO,37.4821027778,141.0434888889,2023/3/24,Kelp,H-3:TFWT,0.086,,Bq/L
360,TEPCO,37.4821027778,141.0434888889,2023/3/24,Kelp,H-3:TFWT,0.073,,Bq/kg-fresh
360,TEPCO,37.4821027778,141.0434888889,2023/3/24,Kelp,H-3:OBT,,0.21,Bq/L
360,TEPCO,37.4821027778,141.0434888889,2023/3/24,Kelp,H-3:OBT,,0.014,Bq/kg-fresh
360,TEPCO,37.4821027778,141.0434888889,2023/3/24,Kelp,I-129,,0.1,Bq/kg-fresh
360,TEPCO,37.4821027778,141.0434888889,2022/8/19,Kelp,Cs-134,,0.14,Bq/kg-fresh
360,TEPCO,37.4821027778,141.0434888889,2022/8/19,Kelp,Cs-137,0.65,,Bq/kg-fresh
360,TEPCO,37.4821027778,141.0434888889,2022/8/19,Kelp,I-129,,0.1,Bq/kg-fresh
360,TEPCO,37.4821027778,141.0434888889,2022/7/14,Kelp,Cs-134,,0.14,Bq/kg-fresh
360,TEPCO,37.4821027778,141.0434888889,2022/7/14,Kelp,Cs-137,0.57,,Bq/kg-fresh
360,TEPCO,37.4821027778,141.0434888889,2022/7/14,Kelp,I-129,,0.1,Bq/kg-fresh
361,TEPCO,37.337175,141.0286083333,2025/7/11,Gulf weed,Cs-134,,0.24,Bq/kg-fresh
361,TEPCO,37.337175,141.0286083333,2025/7/11,Gulf weed,Cs-137,2.8,,Bq/kg-fresh
361,TEPCO,37.337175,141.0286083333,2025/7/11,Gulf weed,H-3:TFWT,0.12,,Bq/L
361,TEPCO,37.337175,141.0286083333,2025/7/11,Gulf weed,H-3:TFWT,0.099,,Bq/kg-fresh
361,TEPCO,37.337175,141.0286083333,2025/7/11,Gulf weed,H-3:OBT,,0.25,Bq/L
361,TEPCO,37.337175,141.0286083333,2025/7/11,Gulf weed,H-3:OBT,,0.014,Bq/kg-fresh
361,TEPCO,37.337175,141.0286083333,2025/7/11,Gulf weed,I-129,,0.03,Bq/kg-fresh
361,TEPCO,37.337175,141.0286083333,2025/5/15,Gulf weed,Cs-134,,0.18,Bq/kg-fresh
361,TEPCO,37.337175,141.0286083333,2025/5/15,Gulf weed,Cs-137,0.46,,Bq/kg-fresh
361,TEPCO,37.337175,141.0286083333,2025/5/15,Gulf weed,H-3:TFWT,,0.082,Bq/L
361,TEPCO,37.337175,141.0286083333,2025/5/15,Gulf weed,H-3:TFWT,,0.07,Bq/kg-fresh
361,TEPCO,37.337175,141.0286083333,2025/5/15,Gulf weed,H-3:OBT,,0.31,Bq/L
361,TEPCO,37.337175,141.0286083333,2025/5/15,Gulf weed,H-3:OBT,,0.018,Bq/kg-fresh
361,TEPCO,37.337175,141.0286083333,2025/5/15,Gulf weed,I-129,,0.02,Bq/kg-fresh
361,TEPCO,37.337175,141.0286083333,2025/3/18,Ulva australis,Cs-134,,0.22,Bq/kg-fresh
361,TEPCO,37.337175,141.0286083333,2025/3/18,Ulva australis,Cs-137,2.9,,Bq/kg-fresh
361,TEPCO,37.337175,141.0286083333,2025/3/18,Ulva australis,H-3:TFWT,0.8,,Bq/L
361,TEPCO,37.337175,141.0286083333,2025/3/18,Ulva australis,H-3:TFWT,0.67,,Bq/kg-fresh
361,TEPCO,37.337175,141.0286083333,2025/3/18,Ulva australis,H-3:OBT,,0.26,Bq/L
361,TEPCO,37.337175,141.0286083333,2025/3/18,Ulva australis,H-3:OBT,,0.013,Bq/kg-fresh
361,TEPCO,37.337175,141.0286083333,2025/3/18,Ulva australis,I-129,,0.01,Bq/kg-fresh
361,TEPCO,37.337175,141.0286083333,2024/7/18,Ulva australis,Cs-134,,0.18,Bq/kg-fresh
361,TEPCO,37.337175,141.0286083333,2024/7/18,Ulva australis,Cs-137,0.66,,Bq/kg-fresh
361,TEPCO,37.337175,141.0286083333,2024/7/18,Ulva australis,H-3:TFWT,0.37,,Bq/L
361,TEPCO,37.337175,141.0286083333,2024/7/18,Ulva australis,H-3:TFWT,0.31,,Bq/kg-fresh
361,TEPCO,37.337175,141.0286083333,2024/7/18,Ulva australis,H-3:OBT,,0.32,Bq/L
361,TEPCO,37.337175,141.0286083333,2024/7/18,Ulva australis,H-3:OBT,,0.015,Bq/kg-fresh
361,TEPCO,37.337175,141.0286083333,2024/7/18,Ulva australis,I-129,,0.01,Bq/kg-fresh
361,TEPCO,37.337175,141.0286083333,2024/5/28,Ulva australis,Cs-134,,0.25,Bq/kg-fresh
361,TEPCO,37.337175,141.0286083333,2024/5/28,Ulva australis,Cs-137,12.0,,Bq/kg-fresh
361,TEPCO,37.337175,141.0286083333,2024/5/28,Ulva australis,H-3:TFWT,0.13,,Bq/L
361,TEPCO,37.337175,141.0286083333,2024/5/28,Ulva australis,H-3:TFWT,0.11,,Bq/kg-fresh
361,TEPCO,37.337175,141.0286083333,2024/5/28,Ulva australis,H-3:OBT,,0.24,Bq/L
361,TEPCO,37.337175,141.0286083333,2024/5/28,Ulva australis,H-3:OBT,,0.018,Bq/kg-fresh
361,TEPCO,37.337175,141.0286083333,2024/5/28,Ulva australis,I-129,,0.01,Bq/kg-fresh
361,TEPCO,37.337175,141.0286083333,2024/3/12,Sea oak,Cs-134,,0.3,Bq/kg-fresh
361,TEPCO,37.337175,141.0286083333,2024/3/12,Sea oak,Cs-137,0.61,,Bq/kg-fresh
361,TEPCO,37.337175,141.0286083333,2024/3/12,Sea oak,H-3:TFWT,0.22,,Bq/L
361,TEPCO,37.337175,141.0286083333,2024/3/12,Sea oak,H-3:TFWT,0.19,,Bq/kg-fresh
361,TEPCO,37.337175,141.0286083333,2024/3/12,Sea oak,H-3:OBT,,0.26,Bq/L
361,TEPCO,37.337175,141.0286083333,2024/3/12,Sea oak,H-3:OBT,,0.015,Bq/kg-fresh
361,TEPCO,37.337175,141.0286083333,2024/3/12,Sea oak,I-129,,0.1,Bq/kg-fresh
361,TEPCO,37.337175,141.0286083333,2023/7/5,Gulf weed,Cs-134,,0.27,Bq/kg-fresh
361,TEPCO,37.337175,141.0286083333,2023/7/5,Gulf weed,Cs-137,12.0,,Bq/kg-fresh
361,TEPCO,37.337175,141.0286083333,2023/7/5,Gulf weed,H-3:TFWT,0.092,,Bq/L
361,TEPCO,37.337175,141.0286083333,2023/7/5,Gulf weed,H-3:TFWT,0.079,,Bq/kg-fresh
361,TEPCO,37.337175,141.0286083333,2023/7/5,Gulf weed,H-3:OBT,,0.27,Bq/L
361,TEPCO,37.337175,141.0286083333,2023/7/5,Gulf weed,H-3:OBT,,0.017,Bq/kg-fresh
361,TEPCO,37.337175,141.0286083333,2023/7/5,Gulf weed,I-129,,0.1,Bq/kg-fresh
361,TEPCO,37.337175,141.0286083333,2023/5/22,Kelp,Cs-134,,0.28,Bq/kg-fresh
361,TEPCO,37.337175,141.0286083333,2023/5/22,Kelp,Cs-137,0.5,,Bq/kg-fresh
361,TEPCO,37.337175,141.0286083333,2023/5/22,Kelp,H-3:TFWT,0.1,,Bq/L
361,TEPCO,37.337175,141.0286083333,2023/5/22,Kelp,H-3:TFWT,0.083,,Bq/kg-fresh
361,TEPCO,37.337175,141.0286083333,2023/5/22,Kelp,H-3:OBT,,0.23,Bq/L
361,TEPCO,37.337175,141.0286083333,2023/5/22,Kelp,H-3:OBT,,0.019,Bq/kg-fresh
361,TEPCO,37.337175,141.0286083333,2023/5/22,Kelp,I-129,,0.1,Bq/kg-fresh
361,TEPCO,37.337175,141.0286083333,2023/4/24,Kelp,Cs-134,,0.29,Bq/kg-fresh
361,TEPCO,37.337175,141.0286083333,2023/4/24,Kelp,Cs-137,1.1,,Bq/kg-fresh
361,TEPCO,37.337175,141.0286083333,2023/4/24,Kelp,H-3:TFWT,0.077,,Bq/L
361,TEPCO,37.337175,141.0286083333,2023/4/24,Kelp,H-3:TFWT,0.063,,Bq/kg-fresh
361,TEPCO,37.337175,141.0286083333,2023/4/24,Kelp,H-3:OBT,,0.23,Bq/L
361,TEPCO,37.337175,141.0286083333,2023/4/24,Kelp,H-3:OBT,,0.018,Bq/kg-fresh
361,TEPCO,37.337175,141.0286083333,2023/4/24,Kelp,I-129,,0.1,Bq/kg-fresh
361,TEPCO,37.337175,141.0286083333,2023/3/28,Gulf weed,Cs-134,0.26,,Bq/kg-fresh
361,TEPCO,37.337175,141.0286083333,2023/3/28,Gulf weed,Cs-137,6.1,,Bq/kg-fresh
361,TEPCO,37.337175,141.0286083333,2023/3/28,Gulf weed,H-3:TFWT,0.086,,Bq/L
361,TEPCO,37.337175,141.0286083333,2023/3/28,Gulf weed,H-3:TFWT,0.065,,Bq/kg-fresh
361,TEPCO,37.337175,141.0286083333,2023/3/28,Gulf weed,H-3:OBT,,0.2,Bq/L
361,TEPCO,37.337175,141.0286083333,2023/3/28,Gulf weed,H-3:OBT,,0.022,Bq/kg-fresh
361,TEPCO,37.337175,141.0286083333,2023/3/28,Gulf weed,I-129,,0.1,Bq/kg-fresh
361,TEPCO,37.337175,141.0286083333,2022/7/14,Gulf weed,Cs-134,0.22,,Bq/kg-fresh
361,TEPCO,37.337175,141.0286083333,2022/7/14,Gulf weed,Cs-137,6.9,,Bq/kg-fresh
361,TEPCO,37.337175,141.0286083333,2022/7/14,Gulf weed,I-129,,0.1,Bq/kg-fresh
362,MOE,337.4818972222,141.0422111111,2025/09/03,Sea lettuce,I-129,,0.04,Bq/kg-fresh
362,MOE,337.4818972222,141.0422111111,2025/09/03,Chondrus ocellatus,I-129,,0.05,Bq/kg-fresh
362,MOE,337.4818972222,141.0422111111,2025/06/17,Wakame,I-129,,0.01,Bq/kg-fresh
362,MOE,337.4818972222,141.0422111111,2025/06/17,Gulf weed,I-129,,0.01,Bq/kg-fresh
362,MOE,337.4818972222,141.0422111111,2024/11/07,Narrow iodine seaweed,I-129,,0.07,Bq/kg-fresh
362,MOE,337.4818972222,141.0422111111,2024/11/07,Ahnfeltiopsis paradoxa (Suringar) Masuda,I-129,,0.09,Bq/kg-fresh
362,MOE,337.4818972222,141.0422111111,2024/09/10,Narrow iodine seaweed,I-129,,0.05,Bq/kg-fresh
362,MOE,337.4818972222,141.0422111111,2024/09/10,Ahnfeltiopsis paradoxa (Suringar) Masuda,I-129,,0.04,Bq/kg-fresh
362,MOE,337.4818972222,141.0422111111,2024/07/09,Narrow iodine seaweed,I-129,,0.04,Bq/kg-fresh
362,MOE,337.4818972222,141.0422111111,2024/07/09,Sea oak,I-129,,0.06,Bq/kg-fresh
362,MOE,337.4818972222,141.0422111111,2024/01/30,Sea lettuce,I-129,,0.07,Bq/kg-fresh
362,MOE,337.4818972222,141.0422111111,2024/01/30,Narrow iodine seaweed,I-129,,0.06,Bq/kg-fresh
362,MOE,337.4818972222,141.0422111111,2023/10/18,Ahnfeltiopsis paradoxa (Suringar) Masuda,I-129,,0.08,Bq/kg-fresh
362,MOE,337.4818972222,141.0422111111,2023/10/18,Chondrus giganteus,I-129,,0.07,Bq/kg-fresh
362,MOE,337.4818972222,141.0422111111,2023/09/14,Sea lettuce,I-129,,0.04,Bq/kg-fresh
362,MOE,337.4818972222,141.0422111111,2023/09/14,Ahnfeltiopsis paradoxa (Suringar) Masuda,I-129,,0.04,Bq/kg-fresh
362,MOE,337.4818972222,141.0422111111,2023/08/23,Kelp,I-129,,0.05,Bq/kg-fresh
362,MOE,337.4818972222,141.0422111111,2023/08/23,Sea lettuce,I-129,,0.03,Bq/kg-fresh
362,MOE,337.4818972222,141.0422111111,2023/02/10,Kelp,I-129,,0.02,Bq/kg-fresh
362,MOE,337.4818972222,141.0422111111,2023/02/10,Narrow iodine seaweed,I-129,,0.02,Bq/kg-fresh
362,MOE,337.4818972222,141.0422111111,2023/01/13,Kelp,I-129,,0.02,Bq/kg-fresh
362,MOE,337.4818972222,141.0422111111,2023/01/13,Sea lettuce,I-129,,0.02,Bq/kg-fresh
362,MOE,337.4818972222,141.0422111111,2022/11/09,Kelp,I-129,,0.02,Bq/kg-fresh
362,MOE,337.4818972222,141.0422111111,2022/11/09,Sea lettuce,I-129,,0.01,Bq/kg-fresh
362,MOE,337.4818972222,141.0422111111,2022/10/07,Kelp,I-129,,0.02,Bq/kg-fresh
362,MOE,337.4818972222,141.0422111111,2022/10/07,Sea lettuce,I-129,,0.02,Bq/kg-fresh
363,MOE,37.3370083333,141.0279527778,2025/09/03,Sea oak,I-129,,0.06,Bq/kg-fresh
363,MOE,37.3370083333,141.0279527778,2025/09/03,Narrow iodine seaweed,I-129,,0.05,Bq/kg-fresh
363,MOE,37.3370083333,141.0279527778,2025/06/17,Sea oak,I-129,,0.02,Bq/kg-fresh
363,MOE,37.3370083333,141.0279527778,2025/06/17,Narrow iodine seaweed,I-129,,0.03,Bq/kg-fresh
363,MOE,37.3370083333,141.0279527778,2024/11/07,Sea oak,I-129,,0.06,Bq/kg-fresh
363,MOE,37.3370083333,141.0279527778,2024/11/07,Ahnfeltiopsis paradoxa (Suringar) Masuda,I-129,,0.09,Bq/kg-fresh
363,MOE,37.3370083333,141.0279527778,2024/09/10,Sea oak,I-129,,0.05,Bq/kg-fresh
363,MOE,37.3370083333,141.0279527778,2024/09/10,Narrow iodine seaweed,I-129,,0.04,Bq/kg-fresh
363,MOE,37.3370083333,141.0279527778,2024/07/09,Sea oak,I-129,,0.05,Bq/kg-fresh
363,MOE,37.3370083333,141.0279527778,2024/07/09,Ahnfeltiopsis paradoxa (Suringar) Masuda,I-129,,0.07,Bq/kg-fresh
363,MOE,37.3370083333,141.0279527778,2024/01/30,Sea oak,I-129,,0.07,Bq/kg-fresh
363,MOE,37.3370083333,141.0279527778,2024/01/30,Narrow iodine seaweed,I-129,,0.07,Bq/kg-fresh
363,MOE,37.3370083333,141.0279527778,2023/10/18,Sea oak,I-129,,0.07,Bq/kg-fresh
363,MOE,37.3370083333,141.0279527778,2023/10/18,Ahnfeltiopsis paradoxa (Suringar) Masuda,I-129,,0.07,Bq/kg-fresh
363,MOE,37.3370083333,141.0279527778,2023/09/14,Sea oak,I-129,,0.03,Bq/kg-fresh
363,MOE,37.3370083333,141.0279527778,2023/09/14,Ahnfeltiopsis paradoxa (Suringar) Masuda,I-129,,0.04,Bq/kg-fresh
363,MOE,37.3370083333,141.0279527778,2023/08/23,Sea oak,I-129,,0.05,Bq/kg-fresh
363,MOE,37.3370083333,141.0279527778,2023/08/23,Ahnfeltiopsis paradoxa (Suringar) Masuda,I-129,,0.05,Bq/kg-fresh
363,MOE,37.3370083333,141.0279527778,2023/02/10,Sea oak,I-129,,0.02,Bq/kg-fresh
363,MOE,37.3370083333,141.0279527778,2023/02/10,Ahnfeltiopsis paradoxa (Suringar) Masuda,I-129,,0.03,Bq/kg-fresh
363,MOE,37.3370083333,141.0279527778,2023/01/13,Sea oak,I-129,,0.02,Bq/kg-fresh
363,MOE,37.3370083333,141.0279527778,2023/01/13,Ahnfeltiopsis paradoxa (Suringar) Masuda,I-129,,0.04,Bq/kg-fresh
363,MOE,37.3370083333,141.0279527778,2022/11/09,Sea oak,I-129,,0.02,Bq/kg-fresh
363,MOE,37.3370083333,141.0279527778,2022/11/09,Narrow iodine seaweed,I-129,,0.02,Bq/kg-fresh
363,MOE,37.3370083333,141.0279527778,2022/10/07,Sea oak,I-129,,0.03,Bq/kg-fresh
363,MOE,37.3370083333,141.0279527778,2022/10/07,Narrow iodine seaweed,I-129,,0.02,Bq/kg-fresh
364,FA,37.8034305556,140.9762666667,2024/02/02,Monostroma nitidum,H-3,,0.3,Bq/kg
364,FA,37.8034305556,140.9762666667,2024/02/02,Monostroma nitidum,H-3,,0.3,Bq/kg
364,FA,37.8034305556,140.9762666667,2023/01/27,Monostroma nitidum,H-3,,0.29,Bq/kg
364,FA,37.8034305556,140.9762666667,2023/01/27,Monostroma nitidum,H-3,,0.29,Bq/kg
365,Fukushima Pref.,36.9788833333,141.1,2025/04/19,Wakame,Cs-134,,4.0,Bq/kg
365,Fukushima Pref.,36.9788833333,141.1,2025/04/19,Wakame,Cs-137,,4.4,Bq/kg
365,Fukushima Pref.,36.9788833333,141.1,2024/05/05,Wakame,Cs-134,,3.8,Bq/kg
365,Fukushima Pref.,36.9788833333,141.1,2024/05/05,Wakame,Cs-137,,2.8,Bq/kg
366,Fukushima Pref.,37.7838194444,141.1,2025/04/21,Monostroma nitidum Wittrock,Cs-134,,4.9,Bq/kg
366,Fukushima Pref.,37.7838194444,141.1,2025/04/21,Monostroma nitidum Wittrock,Cs-137,,4.5,Bq/kg
366,Fukushima Pref.,37.7838194444,141.1,2025/04/16,Monostroma nitidum Wittrock,Cs-134,,3.8,Bq/kg
366,Fukushima Pref.,37.7838194444,141.1,2025/04/16,Monostroma nitidum Wittrock,Cs-137,,2.7,Bq/kg
366,Fukushima Pref.,37.7838194444,141.1,2025/04/08,Monostroma nitidum Wittrock,Cs-134,,3.5,Bq/kg
366,Fukushima Pref.,37.7838194444,141.1,2025/04/08,Monostroma nitidum Wittrock,Cs-137,,4.3,Bq/kg
366,Fukushima Pref.,37.7838194444,141.1,2025/04/03,Monostroma nitidum Wittrock,Cs-134,,4.4,Bq/kg
366,Fukushima Pref.,37.7838194444,141.1,2025/04/03,Monostroma nitidum Wittrock,Cs-137,,4.5,Bq/kg
366,Fukushima Pref.,37.7838194444,141.1,2025/03/25,Monostroma nitidum Wittrock,Cs-134,,3.0,Bq/kg
366,Fukushima Pref.,37.7838194444,141.1,2025/03/25,Monostroma nitidum Wittrock,Cs-137,,3.5,Bq/kg
366,Fukushima Pref.,37.7838194444,141.1,2025/03/18,Monostroma nitidum Wittrock,Cs-134,,4.7,Bq/kg
366,Fukushima Pref.,37.7838194444,141.1,2025/03/18,Monostroma nitidum Wittrock,Cs-137,,4.1,Bq/kg
366,Fukushima Pref.,37.7838194444,141.1,2025/03/13,Monostroma nitidum Wittrock,Cs-134,,4.8,Bq/kg
366,Fukushima Pref.,37.7838194444,141.1,2025/03/13,Monostroma nitidum Wittrock,Cs-137,,4.6,Bq/kg
366,Fukushima Pref.,37.7838194444,141.1,2025/03/04,Monostroma nitidum Wittrock,Cs-134,,3.7,Bq/kg
366,Fukushima Pref.,37.7838194444,141.1,2025/03/04,Monostroma nitidum Wittrock,Cs-137,,3.2,Bq/kg
366,Fukushima Pref.,37.7838194444,141.1,2025/02/18,Monostroma nitidum Wittrock,Cs-134,,3.2,Bq/kg
366,Fukushima Pref.,37.7838194444,141.1,2025/02/18,Monostroma nitidum Wittrock,Cs-137,,3.0,Bq/kg
366,Fukushima Pref.,37.7838194444,141.1,2025/02/13,Monostroma nitidum Wittrock,Cs-134,,2.8,Bq/kg
366,Fukushima Pref.,37.7838194444,141.1,2025/02/13,Monostroma nitidum Wittrock,Cs-137,,2.8,Bq/kg
366,Fukushima Pref.,37.7838194444,141.1,2025/02/06,Monostroma nitidum Wittrock,Cs-134,,3.9,Bq/kg
366,Fukushima Pref.,37.7838194444,141.1,2025/02/06,Monostroma nitidum Wittrock,Cs-137,,3.0,Bq/kg
366,Fukushima Pref.,37.7838194444,141.1,2025/01/21,Monostroma nitidum Wittrock,Cs-134,,3.3,Bq/kg
366,Fukushima Pref.,37.7838194444,141.1,2025/01/21,Monostroma nitidum Wittrock,Cs-137,,2.1,Bq/kg
366,Fukushima Pref.,37.7838194444,141.1,2025/01/14,Monostroma nitidum Wittrock,Cs-134,,2.7,Bq/kg
366,Fukushima Pref.,37.7838194444,141.1,2025/01/14,Monostroma nitidum Wittrock,Cs-137,,3.1,Bq/kg
366,Fukushima Pref.,37.7838194444,141.1,2025/01/09,Monostroma nitidum Wittrock,Cs-134,,3.9,Bq/kg
366,Fukushima Pref.,37.7838194444,141.1,2025/01/09,Monostroma nitidum Wittrock,Cs-137,,2.5,Bq/kg
366,Fukushima Pref.,37.7838194444,141.1,2024/12/24,Monostroma nitidum Wittrock,Cs-134,,4.2,Bq/kg
366,Fukushima Pref.,37.7838194444,141.1,2024/12/24,Monostroma nitidum Wittrock,Cs-137,,4.3,Bq/kg
366,Fukushima Pref.,37.7838194444,141.1,2024/12/18,Monostroma nitidum Wittrock,Cs-134,,3.2,Bq/kg
366,Fukushima Pref.,37.7838194444,141.1,2024/12/18,Monostroma nitidum Wittrock,Cs-137,,2.9,Bq/kg
366,Fukushima Pref.,37.7838194444,141.1,2024/12/06,Monostroma nitidum Wittrock,Cs-134,,3.1,Bq/kg
366,Fukushima Pref.,37.7838194444,141.1,2024/12/06,Monostroma nitidum Wittrock,Cs-137,,4.2,Bq/kg
366,Fukushima Pref.,37.7838194444,141.1,2024/04/23,Monostroma nitidum Wittrock,Cs-134,,4.9,Bq/kg
366,Fukushima Pref.,37.7838194444,141.1,2024/04/23,Monostroma nitidum Wittrock,Cs-137,,3.1,Bq/kg
366,Fukushima Pref.,37.7838194444,141.1,2024/04/16,Monostroma nitidum Wittrock,Cs-134,,4.8,Bq/kg
366,Fukushima Pref.,37.7838194444,141.1,2024/04/16,Monostroma nitidum Wittrock,Cs-137,,4.0,Bq/kg
366,Fukushima Pref.,37.7838194444,141.1,2024/04/09,Monostroma nitidum Wittrock,Cs-134,,3.6,Bq/kg
366,Fukushima Pref.,37.7838194444,141.1,2024/04/09,Monostroma nitidum Wittrock,Cs-137,,3.3,Bq/kg
366,Fukushima Pref.,37.7838194444,141.1,2024/04/03,Monostroma nitidum Wittrock,Cs-134,,5.0,Bq/kg
366,Fukushima Pref.,37.7838194444,141.1,2024/04/03,Monostroma nitidum Wittrock,Cs-137,5.0,,Bq/kg
366,Fukushima Pref.,37.7838194444,141.1,2024/03/28,Monostroma nitidum Wittrock,Cs-134,,4.7,Bq/kg
366,Fukushima Pref.,37.7838194444,141.1,2024/03/28,Monostroma nitidum Wittrock,Cs-137,,4.9,Bq/kg
366,Fukushima Pref.,37.7838194444,141.1,2024/03/21,Monostroma nitidum Wittrock,Cs-134,,4.1,Bq/kg
366,Fukushima Pref.,37.7838194444,141.1,2024/03/21,Monostroma nitidum Wittrock,Cs-137,,3.9,Bq/kg
366,Fukushima Pref.,37.7838194444,141.1,2024/03/12,Monostroma nitidum Wittrock,Cs-134,,3.1,Bq/kg
366,Fukushima Pref.,37.7838194444,141.1,2024/03/12,Monostroma nitidum Wittrock,Cs-137,,3.2,Bq/kg
366,Fukushima Pref.,37.7838194444,141.1,2024/03/07,Monostroma nitidum Wittrock,Cs-134,,4.9,Bq/kg
366,Fukushima Pref.,37.7838194444,141.1,2024/03/07,Monostroma nitidum Wittrock,Cs-137,,5.1,Bq/kg
366,Fukushima Pref.,37.7838194444,141.1,2024/02/29,Monostroma nitidum Wittrock,Cs-134,,4.7,Bq/kg
366,Fukushima Pref.,37.7838194444,141.1,2024/02/29,Monostroma nitidum Wittrock,Cs-137,,3.5,Bq/kg
366,Fukushima Pref.,37.7838194444,141.1,2024/02/20,Monostroma nitidum Wittrock,Cs-134,,4.0,Bq/kg
366,Fukushima Pref.,37.7838194444,141.1,2024/02/20,Monostroma nitidum Wittrock,Cs-137,,2.7,Bq/kg
366,Fukushima Pref.,37.7838194444,141.1,2024/02/15,Monostroma nitidum Wittrock,Cs-134,,3.7,Bq/kg
366,Fukushima Pref.,37.7838194444,141.1,2024/02/15,Monostroma nitidum Wittrock,Cs-137,,2.7,Bq/kg
366,Fukushima Pref.,37.7838194444,141.1,2024/02/08,Monostroma nitidum Wittrock,Cs-134,,4.2,Bq/kg
366,Fukushima Pref.,37.7838194444,141.1,2024/02/08,Monostroma nitidum Wittrock,Cs-137,,3.3,Bq/kg
366,Fukushima Pref.,37.7838194444,141.1,2024/01/30,Monostroma nitidum Wittrock,Cs-134,,3.0,Bq/kg
366,Fukushima Pref.,37.7838194444,141.1,2024/01/30,Monostroma nitidum Wittrock,Cs-137,,3.2,Bq/kg
366,Fukushima Pref.,37.7838194444,141.1,2024/01/23,Monostroma nitidum Wittrock,Cs-134,,4.5,Bq/kg
366,Fukushima Pref.,37.7838194444,141.1,2024/01/23,Monostroma nitidum Wittrock,Cs-137,,2.9,Bq/kg
366,Fukushima Pref.,37.7838194444,141.1,2024/01/16,Monostroma nitidum Wittrock,Cs-134,,3.6,Bq/kg
366,Fukushima Pref.,37.7838194444,141.1,2024/01/16,Monostroma nitidum Wittrock,Cs-137,,3.0,Bq/kg
366,Fukushima Pref.,37.7838194444,141.1,2024/01/11,Monostroma nitidum Wittrock,Cs-134,,3.5,Bq/kg
366,Fukushima Pref.,37.7838194444,141.1,2024/01/11,Monostroma nitidum Wittrock,Cs-137,,3.4,Bq/kg
366,Fukushima Pref.,37.7838194444,141.1,2023/12/25,Monostroma nitidum Wittrock,Cs-134,,4.1,Bq/kg
366,Fukushima Pref.,37.7838194444,141.1,2023/12/25,Monostroma nitidum Wittrock,Cs-137,,3.2,Bq/kg
366,Fukushima Pref.,37.7838194444,141.1,2023/12/21,Monostroma nitidum Wittrock,Cs-134,,3.4,Bq/kg
366,Fukushima Pref.,37.7838194444,141.1,2023/12/21,Monostroma nitidum Wittrock,Cs-137,,2.7,Bq/kg
366,Fukushima Pref.,37.7838194444,141.1,2023/12/11,Monostroma nitidum Wittrock,Cs-134,,4.6,Bq/kg
366,Fukushima Pref.,37.7838194444,141.1,2023/12/11,Monostroma nitidum Wittrock,Cs-137,,2.9,Bq/kg
366,Fukushima Pref.,37.7838194444,141.1,2023/12/04,Monostroma nitidum Wittrock,Cs-134,,4.0,Bq/kg
366,Fukushima Pref.,37.7838194444,141.1,2023/12/04,Monostroma nitidum Wittrock,Cs-137,,4.2,Bq/kg
366,Fukushima Pref.,37.7838194444,141.1,2023/11/30,Monostroma nitidum Wittrock,Cs-134,,4.7,Bq/kg
366,Fukushima Pref.,37.7838194444,141.1,2023/11/30,Monostroma nitidum Wittrock,Cs-137,,4.3,Bq/kg
366,Fukushima Pref.,37.7838194444,141.1,2023/04/28,Monostroma nitidum Wittrock,Cs-134,,4.0,Bq/kg
366,Fukushima Pref.,37.7838194444,141.1,2023/04/28,Monostroma nitidum Wittrock,Cs-137,,3.8,Bq/kg
366,Fukushima Pref.,37.7838194444,141.1,2023/04/18,Monostroma nitidum Wittrock,Cs-134,,3.8,Bq/kg
366,Fukushima Pref.,37.7838194444,141.1,2023/04/18,Monostroma nitidum Wittrock,Cs-137,,3.3,Bq/kg
366,Fukushima Pref.,37.7838194444,141.1,2023/04/11,Monostroma nitidum Wittrock,Cs-134,,4.2,Bq/kg
366,Fukushima Pref.,37.7838194444,141.1,2023/04/11,Monostroma nitidum Wittrock,Cs-137,,3.6,Bq/kg
366,Fukushima Pref.,37.7838194444,141.1,2023/04/04,Monostroma nitidum Wittrock,Cs-134,,3.9,Bq/kg
366,Fukushima Pref.,37.7838194444,141.1,2023/04/04,Monostroma nitidum Wittrock,Cs-137,,3.6,Bq/kg
366,Fukushima Pref.,37.7838194444,141.1,2023/03/30,Monostroma nitidum Wittrock,Cs-134,,3.8,Bq/kg
366,Fukushima Pref.,37.7838194444,141.1,2023/03/30,Monostroma nitidum Wittrock,Cs-137,,3.1,Bq/kg
366,Fukushima Pref.,37.7838194444,141.1,2023/03/23,Monostroma nitidum Wittrock,Cs-134,,2.8,Bq/kg
366,Fukushima Pref.,37.7838194444,141.1,2023/03/23,Monostroma nitidum Wittrock,Cs-137,,3.9,Bq/kg
366,Fukushima Pref.,37.7838194444,141.1,2023/03/16,Monostroma nitidum Wittrock,Cs-134,,3.5,Bq/kg
366,Fukushima Pref.,37.7838194444,141.1,2023/03/16,Monostroma nitidum Wittrock,Cs-137,,3.8,Bq/kg
366,Fukushima Pref.,37.7838194444,141.1,2023/03/09,Monostroma nitidum Wittrock,Cs-134,,4.9,Bq/kg
366,Fukushima Pref.,37.7838194444,141.1,2023/03/09,Monostroma nitidum Wittrock,Cs-137,,4.4,Bq/kg
366,Fukushima Pref.,37.7838194444,141.1,2023/03/02,Monostroma nitidum Wittrock,Cs-134,,3.3,Bq/kg
366,Fukushima Pref.,37.7838194444,141.1,2023/03/02,Monostroma nitidum Wittrock,Cs-137,,3.1,Bq/kg
366,Fukushima Pref.,37.7838194444,141.1,2023/02/16,Monostroma nitidum Wittrock,Cs-134,,5.0,Bq/kg
366,Fukushima Pref.,37.7838194444,141.1,2023/02/16,Monostroma nitidum Wittrock,Cs-137,,3.5,Bq/kg
366,Fukushima Pref.,37.7838194444,141.1,2023/02/14,Monostroma nitidum Wittrock,Cs-134,,4.1,Bq/kg
366,Fukushima Pref.,37.7838194444,141.1,2023/02/14,Monostroma nitidum Wittrock,Cs-137,,4.4,Bq/kg
366,Fukushima Pref.,37.7838194444,141.1,2023/02/07,Monostroma nitidum Wittrock,Cs-134,,3.6,Bq/kg
366,Fukushima Pref.,37.7838194444,141.1,2023/02/07,Monostroma nitidum Wittrock,Cs-137,,3.7,Bq/kg
366,Fukushima Pref.,37.7838194444,141.1,2023/02/02,Monostroma nitidum Wittrock,Cs-134,,4.2,Bq/kg
366,Fukushima Pref.,37.7838194444,141.1,2023/02/02,Monostroma nitidum Wittrock,Cs-137,,3.3,Bq/kg
366,Fukushima Pref.,37.7838194444,141.1,2023/01/24,Monostroma nitidum Wittrock,Cs-134,,5.0,Bq/kg
366,Fukushima Pref.,37.7838194444,141.1,2023/01/24,Monostroma nitidum Wittrock,Cs-137,,4.5,Bq/kg
366,Fukushima Pref.,37.7838194444,141.1,2023/01/17,Monostroma nitidum Wittrock,Cs-134,,4.5,Bq/kg
366,Fukushima Pref.,37.7838194444,141.1,2023/01/17,Monostroma nitidum Wittrock,Cs-137,,4.3,Bq/kg
366,Fukushima Pref.,37.7838194444,141.1,2023/01/12,Monostroma nitidum Wittrock,Cs-134,,3.9,Bq/kg
366,Fukushima Pref.,37.7838194444,141.1,2023/01/12,Monostroma nitidum Wittrock,Cs-137,,4.0,Bq/kg
366,Fukushima Pref.,37.7838194444,141.1,2023/01/10,Monostroma nitidum Wittrock,Cs-134,,3.8,Bq/kg
366,Fukushima Pref.,37.7838194444,141.1,2023/01/10,Monostroma nitidum Wittrock,Cs-137,,4.2,Bq/kg
366,Fukushima Pref.,37.7838194444,141.1,2022/12/27,Monostroma nitidum Wittrock,Cs-134,,3.8,Bq/kg
366,Fukushima Pref.,37.7838194444,141.1,2022/12/27,Monostroma nitidum Wittrock,Cs-137,,3.3,Bq/kg
366,Fukushima Pref.,37.7838194444,141.1,2022/12/19,Monostroma nitidum Wittrock,Cs-134,,4.4,Bq/kg
366,Fukushima Pref.,37.7838194444,141.1,2022/12/19,Monostroma nitidum Wittrock,Cs-137,,2.8,Bq/kg
366,Fukushima Pref.,37.7838194444,141.1,2022/12/15,Monostroma nitidum Wittrock,Cs-134,,3.9,Bq/kg
366,Fukushima Pref.,37.7838194444,141.1,2022/12/15,Monostroma nitidum Wittrock,Cs-137,,3.6,Bq/kg
366,Fukushima Pref.,37.7838194444,141.1,2022/12/07,Monostroma nitidum Wittrock,Cs-134,,3.6,Bq/kg
366,Fukushima Pref.,37.7838194444,141.1,2022/12/07,Monostroma nitidum Wittrock,Cs-137,,3.6,Bq/kg
366,Fukushima Pref.,37.7838194444,141.1,2022/04/24,Monostroma nitidum Wittrock,Cs-134,,4.4,Bq/kg
366,Fukushima Pref.,37.7838194444,141.1,2022/04/24,Monostroma nitidum Wittrock,Cs-137,,3.9,Bq/kg
366,Fukushima Pref.,37.7838194444,141.1,2022/04/19,Monostroma nitidum Wittrock,Cs-134,,5.4,Bq/kg
366,Fukushima Pref.,37.7838194444,141.1,2022/04/19,Monostroma nitidum Wittrock,Cs-137,,4.6,Bq/kg
366,Fukushima Pref.,37.7838194444,141.1,2022/04/14,Monostroma nitidum Wittrock,Cs-134,,3.4,Bq/kg
366,Fukushima Pref.,37.7838194444,141.1,2022/04/14,Monostroma nitidum Wittrock,Cs-137,,2.8,Bq/kg
366,Fukushima Pref.,37.7838194444,141.1,2022/04/04,Monostroma nitidum Wittrock,Cs-134,,2.0,Bq/kg
366,Fukushima Pref.,37.7838194444,141.1,2022/04/04,Monostroma nitidum Wittrock,Cs-137,,1.9,Bq/kg
366,Fukushima Pref.,37.7838194444,141.1,2022/03/28,Monostroma nitidum Wittrock,Cs-134,,4.0,Bq/kg
366,Fukushima Pref.,37.7838194444,141.1,2022/03/28,Monostroma nitidum Wittrock,Cs-137,,3.6,Bq/kg
366,Fukushima Pref.,37.7838194444,141.1,2022/03/22,Monostroma nitidum Wittrock,Cs-134,,3.2,Bq/kg
366,Fukushima Pref.,37.7838194444,141.1,2022/03/22,Monostroma nitidum Wittrock,Cs-137,,2.8,Bq/kg
366,Fukushima Pref.,37.7838194444,141.1,2022/03/13,Monostroma nitidum Wittrock,Cs-134,,3.0,Bq/kg
366,Fukushima Pref.,37.7838194444,141.1,2022/03/13,Monostroma nitidum Wittrock,Cs-137,,3.0,Bq/kg
366,Fukushima Pref.,37.7838194444,141.1,2022/03/06,Monostroma nitidum Wittrock,Cs-134,,2.8,Bq/kg
366,Fukushima Pref.,37.7838194444,141.1,2022/03/06,Monostroma nitidum Wittrock,Cs-137,,2.7,Bq/kg
366,Fukushima Pref.,37.7838194444,141.1,2022/03/01,Monostroma nitidum Wittrock,Cs-134,,3.7,Bq/kg
366,Fukushima Pref.,37.7838194444,141.1,2022/03/01,Monostroma nitidum Wittrock,Cs-137,,3.0,Bq/kg
366,Fukushima Pref.,37.7838194444,141.1,2022/02/22,Monostroma nitidum Wittrock,Cs-134,,3.4,Bq/kg
366,Fukushima Pref.,37.7838194444,141.1,2022/02/22,Monostroma nitidum Wittrock,Cs-137,,3.0,Bq/kg
366,Fukushima Pref.,37.7838194444,141.1,2022/02/15,Monostroma nitidum Wittrock,Cs-134,,4.5,Bq/kg
366,Fukushima Pref.,37.7838194444,141.1,2022/02/15,Monostroma nitidum Wittrock,Cs-137,,3.7,Bq/kg
366,Fukushima Pref.,37.7838194444,141.1,2022/02/08,Monostroma nitidum Wittrock,Cs-134,,3.0,Bq/kg
366,Fukushima Pref.,37.7838194444,141.1,2022/02/08,Monostroma nitidum Wittrock,Cs-137,,3.4,Bq/kg
366,Fukushima Pref.,37.7838194444,141.1,2022/02/01,Monostroma nitidum Wittrock,Cs-134,,4.2,Bq/kg
366,Fukushima Pref.,37.7838194444,141.1,2022/02/01,Monostroma nitidum Wittrock,Cs-137,,3.2,Bq/kg
366,Fukushima Pref.,37.7838194444,141.1,2022/01/23,Monostroma nitidum Wittrock,Cs-134,,3.2,Bq/kg
366,Fukushima Pref.,37.7838194444,141.1,2022/01/23,Monostroma nitidum Wittrock,Cs-137,,3.3,Bq/kg
366,Fukushima Pref.,37.7838194444,141.1,2022/01/18,Monostroma nitidum Wittrock,Cs-134,,2.8,Bq/kg
366,Fukushima Pref.,37.7838194444,141.1,2022/01/18,Monostroma nitidum Wittrock,Cs-137,,3.2,Bq/kg
366,Fukushima Pref.,37.7838194444,141.1,2022/01/12,Monostroma nitidum Wittrock,Cs-134,,2.9,Bq/kg
366,Fukushima Pref.,37.7838194444,141.1,2022/01/12,Monostroma nitidum Wittrock,Cs-137,,3.0,Bq/kg
366,Fukushima Pref.,37.7838194444,141.1,2021/12/21,Monostroma nitidum Wittrock,Cs-134,,4.6,Bq/kg
366,Fukushima Pref.,37.7838194444,141.1,2021/12/21,Monostroma nitidum Wittrock,Cs-137,,3.7,Bq/kg
366,Fukushima Pref.,37.7838194444,141.1,2021/12/12,Monostroma nitidum Wittrock,Cs-134,,4.2,Bq/kg
366,Fukushima Pref.,37.7838194444,141.1,2021/12/12,Monostroma nitidum Wittrock,Cs-137,,3.8,Bq/kg
366,Fukushima Pref.,37.7838194444,141.1,2021/04/25,Monostroma nitidum Wittrock,Cs-134,,4.4,Bq/kg
366,Fukushima Pref.,37.7838194444,141.1,2021/04/25,Monostroma nitidum Wittrock,Cs-137,,3.7,Bq/kg
366,Fukushima Pref.,37.7838194444,141.1,2021/04/18,Monostroma nitidum Wittrock,Cs-134,,3.9,Bq/kg
366,Fukushima Pref.,37.7838194444,141.1,2021/04/18,Monostroma nitidum Wittrock,Cs-137,,2.8,Bq/kg
366,Fukushima Pref.,37.7838194444,141.1,2021/04/13,Monostroma nitidum Wittrock,Cs-134,,4.7,Bq/kg
366,Fukushima Pref.,37.7838194444,141.1,2021/04/13,Monostroma nitidum Wittrock,Cs-137,,3.9,Bq/kg
366,Fukushima Pref.,37.7838194444,141.1,2021/04/04,Monostroma nitidum Wittrock,Cs-134,,3.3,Bq/kg
366,Fukushima Pref.,37.7838194444,141.1,2021/04/04,Monostroma nitidum Wittrock,Cs-137,,2.6,Bq/kg
